DATE,ACT,ART,CIN,CRO,DIV,ECO,GAS,GEO,HIS,JEU,LIT,MUS,SCN,SCT,SPO
01/01/2026,GG8F,9842,AH46,VBWZ,BPTX,GT4Q,9P89,U1D7,Y6BE,LMQ8,EP8K,B734,VN1D,0T0H,SUNB
02/01/2026,DKDA,GL54,CV3S,89U5,GLZ1,X9EH,CHO8,OVHG,E2VI,GHWG,UFMU,120H,ADES,Y8CP,J4IJ
03/01/2026,OCOE,KX7J,QO21,YNDZ,62FD,C1JN,RDEK,2BSD,K2AN,NDR1,NKU8,UQ24,M1BA,VNGW,GW4G
04/01/2026,2AL7,V54A,613U,DD2U,FMZB,RV5L,R1QG,YF0V,UOPQ,Q3DV,Z38A,XJ3X,R065,CN4L,JUHP
05/01/2026,7NLO,55WA,BN08,URND,W1SV,NCZN,DXOM,OPQH,WH19,WW50,530H,XCI6,Z92R,HWK2,Z69Z
06/01/2026,B3JO,1LYO,Y5U1,JX05,HIQ7,9KT9,4I34,OI37,NO9T,5QE4,GVW1,VTKH,D0C7,1HIP,2TK8
07/01/2026,XOAK,DMPP,2RE1,AQPZ,JVB7,3UEB,LISF,3NW6,IHTI,KGMY,WK8G,2J6T,G5PW,SM9G,T7KS
08/01/2026,41OU,3L5W,1BOZ,QPGT,15FL,8NGI,SJAM,7TFV,HQLH,82V5,B2UH,9IMA,87HV,4SUF,K101
09/01/2026,6886,VNCG,5B6L,JU3L,46W8,UBAB,Y129,SWT6,TMOG,ORO5,8CKI,BGAI,88LJ,M5M6,DZOL
10/01/2026,OYO4,DSAZ,LVLW,ZMP1,CIG7,IZ0Q,SI6T,RT1H,SQ6T,QL9K,7UIM,SCNA,MEC6,1ONA,J4IJ
11/01/2026,Z90H,Y7EM,XTQ3,00BA,Q9ZE,OMGY,V7LG,FUFE,V0Y6,4IKH,4D60,6TGP,U5JE,MZZ0,31PE
12/01/2026,0H0K,T8FP,NDFK,7LHO,EFUD,XAFA,M1OF,88X4,M48I,P9MA,ZBAC,BAEK,VZBU,0WIL,UUT2